state,date,rebate_amount,applications_processed,avg_processing_days,approval_rate,total_disbursed
California,2021-01-01,7500,630,5,0.8770178240823586,2967124.0428165584
California,2021-01-31,7611,887,34,0.9678239707426519,5362372.277238761
California,2021-03-02,7471,895,23,0.8670405634659877,4560407.362798098
California,2021-04-01,7763,915,20,0.8550608887284321,4570110.862571613
California,2021-05-01,7464,753,13,0.9487261949185752,3838020.807852533
California,2021-05-31,7905,674,37,0.8114497125053881,3200882.2874714155
California,2021-06-30,7928,854,42,0.9797475366427479,5056841.952814975
California,2021-07-30,7393,727,27,0.8264611898134724,4454892.651601067
California,2021-08-29,7652,895,17,0.9755781652064967,4599764.796433297
California,2021-09-28,7679,862,31,0.7600388787923794,5450406.396103559
California,2021-10-28,8182,843,29,0.9773352204460534,5778098.5912640635
California,2021-11-27,8163,562,7,0.7790366420561594,4081162.176725063
California,2021-12-27,7647,540,33,0.7729336904806551,3605495.896513871
California,2022-01-26,7042,559,14,0.767210497096053,3284823.9346619565
California,2022-02-25,7531,763,30,0.8994624300932327,4916003.906981041
California,2022-03-27,8855,864,29,0.9694521063032155,6029071.504445998
California,2022-04-26,9029,705,39,0.7582567929626679,3949925.5509129213
California,2022-05-26,8471,890,19,0.9217562643497232,5505052.014422433
California,2022-06-25,7090,768,11,0.8520460668821923,4400747.883464609
California,2022-07-25,9362,517,8,0.817474588471998,3448378.9800121044
California,2022-08-24,7186,724,41,0.9068140854111275,3402631.0438594576
California,2022-09-23,7263,757,29,0.8925333847636056,3696085.8333411203
California,2022-10-23,9687,558,34,0.8967180651308208,3988448.8678328837
California,2022-11-22,8938,881,34,0.9572781674277431,6325356.075272804
California,2022-12-22,7168,686,27,0.9771598899002484,3391653.4899586113
California,2023-01-21,10170,792,34,0.9444199027827976,5314170.3629107345
California,2023-02-20,8025,703,20,0.8377137884612547,3992473.5028226553
California,2023-03-22,7685,796,6,0.9749272314526785,4878324.877136365
California,2023-04-21,7602,739,8,0.9594418993553034,4626612.675276552
California,2023-05-21,10035,882,19,0.8896249495777812,6246026.093512238
California,2023-06-20,9239,762,13,0.8944970638479866,6132091.403493233
California,2023-07-20,9342,629,33,0.7576738421864955,4168861.0976702357
California,2023-08-19,6930,885,25,0.9219205989358255,4002992.800211536
California,2023-09-18,6916,727,28,0.8720960459516406,4394644.317173912
California,2023-10-18,10460,607,35,0.9724983375183668,4371707.397574491
California,2023-11-17,10757,840,34,0.9714654573598418,5803087.049025406
New York,2021-01-01,2000,192,30,0.9724720418790074,323088.49659116875
New York,2021-01-31,2004,185,5,0.8108254730210575,236189.78648030915
New York,2021-03-02,2009,181,21,0.8844488210799981,307893.8342483372
New York,2021-04-01,2082,120,19,0.8584396796357309,196340.27677872157
New York,2021-05-01,2110,141,44,0.8009144560170177,184148.31057467093
New York,2021-05-31,2114,196,24,0.8993250726454559,263109.5922981704
New York,2021-06-30,1950,114,36,0.7767077105667752,149038.81416284534
New York,2021-07-30,2080,147,28,0.9042118303355393,251622.7570670775
New York,2021-08-29,2222,150,14,0.9536451702969032,265465.64053037146
New York,2021-09-28,2210,168,22,0.7575247459766608,264039.10892367637
New York,2021-10-28,2077,200,28,0.77285156365941,334689.4746842778
New York,2021-11-27,2129,203,27,0.76392652050832,295081.911684494
New York,2021-12-27,2344,200,34,0.7710848874780298,311110.56188113475
New York,2022-01-26,2202,202,8,0.9309627558045619,299384.52592024393
New York,2022-02-25,1930,164,9,0.9408581025599405,242537.35476111498
New York,2022-03-27,2201,187,19,0.825568697289413,265171.6146778677
New York,2022-04-26,2416,110,14,0.9771312800042196,202526.29794478533
New York,2022-05-26,2372,121,6,0.7803147427992364,203053.14991274866
New York,2022-06-25,2387,166,6,0.7900766263234208,243974.0074906045
New York,2022-07-25,2373,160,9,0.8595365720473476,316427.25284604495
New York,2022-08-24,2210,120,37,0.8009564439762056,208057.89989478976
New York,2022-09-23,2400,196,38,0.8193749756764604,373028.23735507857
New York,2022-10-23,1807,205,30,0.8480429324343981,234258.85211316735
New York,2022-11-22,2425,152,10,0.824085718541655,237562.7544415231
New York,2022-12-22,1881,169,42,0.8761219798311229,221745.26261733842
New York,2023-01-21,2744,160,34,0.8662767471317064,320086.4136028811
New York,2023-02-20,2564,121,40,0.9157931808312478,206159.2848569124
New York,2023-03-22,2217,132,26,0.9403064216994103,210592.19881250756
New York,2023-04-21,2537,140,25,0.902974808503871,252991.27125115017
New York,2023-05-21,1887,198,9,0.7709817013241912,233743.9030117151
New York,2023-06-20,2218,181,28,0.9367069356138003,307882.64483360015
New York,2023-07-20,2417,163,26,0.904103050888428,284936.6063762927
New York,2023-08-19,2798,199,32,0.9496611942398849,454527.60841416405
New York,2023-09-18,2948,167,27,0.7738281301626657,370331.79464192997
New York,2023-10-18,1870,156,11,0.830526218670874,223714.12940674627
New York,2023-11-17,1810,137,19,0.9356609153650393,211653.93760637788
Texas,2021-01-01,2500,172,44,0.9052446435974598,329819.4284169878
Texas,2021-01-31,2517,158,22,0.7566592316440918,271214.3423416826
Texas,2021-03-02,2551,181,27,0.7514043315628415,397531.37320553284
Texas,2021-04-01,2547,136,14,0.9204228835972366,308823.3959805683
Texas,2021-05-01,2468,147,29,0.8465614735658358,254780.30958059605
Texas,2021-05-31,2530,164,41,0.8871314676071712,358906.90176010533
Texas,2021-06-30,2471,167,8,0.905012803441016,281279.74293277564
Texas,2021-07-30,2644,143,33,0.8452622597130267,251306.6703727438
Texas,2021-08-29,2604,131,12,0.8151466881185033,274108.78355063865
Texas,2021-09-28,2606,159,7,0.8007192401655806,370985.0988923968
Texas,2021-10-28,2402,119,18,0.926490391280979,237030.66663678107
Texas,2021-11-27,2521,111,36,0.9218132483888466,182648.05563111565
Texas,2021-12-27,2578,162,37,0.8785064205651839,334281.8898764988
Texas,2022-01-26,2567,136,7,0.8503305069678317,257618.91775511394
Texas,2022-02-25,2379,128,32,0.8818819266037439,247522.4843355838
Texas,2022-03-27,2625,111,6,0.9722259289376189,189848.86439728044
Texas,2022-04-26,3058,141,28,0.7702698726985134,367943.7231888544
Texas,2022-05-26,2494,152,38,0.7680888301210578,326454.40796600585
Texas,2022-06-25,2946,120,15,0.7675672568187949,279269.275279978
Texas,2022-07-25,2766,118,27,0.8307529390401929,289658.5807297446
Texas,2022-08-24,2895,114,11,0.7836821702038697,217549.68392579973
Texas,2022-09-23,2870,167,9,0.7907436096578627,398699.50820863893
Texas,2022-10-23,2768,167,42,0.8532482091088645,405512.3552592964
Texas,2022-11-22,2861,156,44,0.824337895577973,397797.8442375388
Texas,2022-12-22,2579,139,35,0.8517078546823456,247655.21172272053
Texas,2023-01-21,2530,106,37,0.7670638509198562,198057.03000456304
Texas,2023-02-20,2223,133,23,0.7676481302698946,254052.39023409068
Texas,2023-03-22,3317,155,37,0.8384309696139669,397991.29796380573
Texas,2023-04-21,3485,165,7,0.8534387518397084,484714.3194222828
Texas,2023-05-21,3082,129,35,0.8653144794307503,352777.6019980377
Texas,2023-06-20,2800,172,26,0.9759486836514814,301143.872994909
Texas,2023-07-20,3113,104,33,0.9779267852087841,245151.6726677851
Texas,2023-08-19,3075,133,23,0.8391058086903167,340406.02107208304
Texas,2023-09-18,3207,106,45,0.8988802321029405,210687.0622702667
Texas,2023-10-18,2235,160,23,0.8079590305422153,305916.0283711269
Texas,2023-11-17,3750,153,14,0.826673268293928,444554.0389481875
Colorado,2021-01-01,5000,62,30,0.7796588814024589,251921.56333650803
Colorado,2021-01-31,4983,71,26,0.9370325002774043,283400.5474509999
Colorado,2021-03-02,5115,78,38,0.771494181965185,319629.553893208
Colorado,2021-04-01,5077,49,24,0.7914604722616743,165249.40527207652
Colorado,2021-05-01,5279,68,19,0.9799946228536965,232069.49358665966
Colorado,2021-05-31,5022,80,37,0.9273011856835132,341711.32246460975
Colorado,2021-06-30,5380,49,26,0.9515703376848306,207049.63648001957
Colorado,2021-07-30,5243,54,16,0.9412093630384989,235367.6265657435
Colorado,2021-08-29,5447,55,33,0.7600492584295383,212492.59199470992
Colorado,2021-09-28,5422,88,44,0.8155334244895724,393427.7160293952
Colorado,2021-10-28,5198,70,24,0.9720872265546283,303936.28661351505
Colorado,2021-11-27,5719,56,41,0.9764211525122628,236516.2429846275
Colorado,2021-12-27,5038,64,38,0.8462919901478415,209135.02227480384
Colorado,2022-01-26,4934,73,21,0.7620013547500311,268039.23103966535
Colorado,2022-02-25,5169,86,38,0.945768191059499,304736.4605675548
Colorado,2022-03-27,5769,59,37,0.783890190878069,248893.49183583775
Colorado,2022-04-26,6114,57,33,0.9534648479551417,306379.0816978958
Colorado,2022-05-26,5280,64,28,0.8042289569885895,303573.00200713304
Colorado,2022-06-25,5224,49,11,0.9430105461506693,203497.90083686623
Colorado,2022-07-25,6028,53,23,0.9610011194709328,236972.937548956
Colorado,2022-08-24,6162,79,35,0.8531783390159167,292845.68184983346
Colorado,2022-09-23,4641,58,14,0.8762249764520822,220233.48151325833
Colorado,2022-10-23,5611,52,23,0.8046572521274147,185728.78060908604
Colorado,2022-11-22,4973,74,44,0.8551361318263832,233039.97815475482
Colorado,2022-12-22,6572,73,6,0.8953496366630227,370618.34041052003
Colorado,2023-01-21,6171,60,5,0.8914062040384687,248877.39451815325
Colorado,2023-02-20,5433,75,10,0.8704014482659886,288566.1048514827
Colorado,2023-03-22,6899,70,37,0.8774549490561849,346326.5463195696
Colorado,2023-04-21,5616,74,28,0.8083395600459189,251375.40341195423
Colorado,2023-05-21,6561,62,45,0.7738426895249286,315081.539085019
Colorado,2023-06-20,6520,53,27,0.875583161397769,291670.83707446855
Colorado,2023-07-20,4767,80,34,0.9755884127314354,283563.79428246344
Colorado,2023-08-19,4783,53,34,0.7585062717459484,167430.33452793324
Colorado,2023-09-18,6785,84,25,0.9646753253885914,430085.3168579127
Colorado,2023-10-18,7513,70,21,0.758422777453489,417609.43239729083
Colorado,2023-11-17,5126,83,8,0.9491336037279532,297640.8039655302
New Jersey,2021-01-01,4000,76,30,0.9209607722695129,263990.93953990086
New Jersey,2021-01-31,4010,106,36,0.9091757529559015,301879.34543204476
New Jersey,2021-03-02,4087,71,10,0.9172287045988062,180977.04055084722
New Jersey,2021-04-01,4084,99,39,0.8175662763705748,255034.19270485002
New Jersey,2021-05-01,4024,72,33,0.8886029743780379,210874.1272692777
New Jersey,2021-05-31,4175,75,7,0.9171673110135536,273509.1042476225
New Jersey,2021-06-30,4175,79,45,0.9754062742146842,291687.7685018289
New Jersey,2021-07-30,3902,89,28,0.868009784476847,286493.72165355016
New Jersey,2021-08-29,3942,59,43,0.9059604405589532,170119.607783674
New Jersey,2021-09-28,3910,69,28,0.8332946339849867,238721.0196342251
New Jersey,2021-10-28,3825,65,33,0.9682294117310779,176922.54786668214
New Jersey,2021-11-27,4451,86,38,0.8343984881903814,265774.3036617475
New Jersey,2021-12-27,4027,105,6,0.9192052176802683,317004.97588051297
New Jersey,2022-01-26,4142,86,21,0.9282418312122422,288963.2150416818
New Jersey,2022-02-25,3960,88,36,0.7960410184279576,223277.59170322024
New Jersey,2022-03-27,3788,66,33,0.9793703529252996,210795.23660854646
New Jersey,2022-04-26,4918,107,27,0.9131943119685053,402562.439680031
New Jersey,2022-05-26,4054,73,15,0.9137160939216589,259895.4763114712
New Jersey,2022-06-25,4558,97,37,0.80157557150657,395941.41370669
New Jersey,2022-07-25,4823,69,36,0.7560453261659011,254983.53961239263
New Jersey,2022-08-24,4190,98,40,0.7798473828341672,355298.7827997695
New Jersey,2022-09-23,3690,77,35,0.870910000610969,236040.81710938888
New Jersey,2022-10-23,5009,61,25,0.8977378755588676,224576.17715259985
New Jersey,2022-11-22,4791,75,40,0.8971526037543325,235210.17121247904
New Jersey,2022-12-22,5375,79,8,0.9412198854875344,320774.73545785807
New Jersey,2023-01-21,4108,66,19,0.8295853089386308,239208.43038164315
New Jersey,2023-02-20,5341,100,21,0.7951494414811069,473696.22120113164
New Jersey,2023-03-22,4052,89,44,0.8726999468467275,270749.38441252563
New Jersey,2023-04-21,3817,104,14,0.7893761433028322,312550.27622315026
New Jersey,2023-05-21,5512,74,41,0.7594746898100103,350430.5948062536
New Jersey,2023-06-20,3594,105,41,0.8108708588016025,250287.82747443908
New Jersey,2023-07-20,4798,88,6,0.8645487538313067,332775.5091252295
New Jersey,2023-08-19,4101,105,35,0.8063219194492569,362657.5954618837
New Jersey,2023-09-18,4412,80,8,0.7863585028134976,255785.3554631202
New Jersey,2023-10-18,4583,75,14,0.8218939748267946,280310.7848055818
New Jersey,2023-11-17,5355,100,30,0.7800762148570489,380827.2828167793
Massachusetts,2021-01-01,3500,68,34,0.7781800390893108,174901.15525649049
Massachusetts,2021-01-31,3492,56,29,0.948757685583359,141861.32559858653
Massachusetts,2021-03-02,3599,95,25,0.9647628531073631,279110.2246369283
Massachusetts,2021-04-01,3487,61,37,0.8573674770795906,183719.8641532363
Massachusetts,2021-05-01,3569,58,30,0.8662522264954674,184233.01976928706
Massachusetts,2021-05-31,3487,70,8,0.8147119578259115,190208.5070447629
Massachusetts,2021-06-30,3748,84,23,0.8734388723364532,268914.2910424669
Massachusetts,2021-07-30,3588,94,28,0.9256870557572576,239389.32682749105
Massachusetts,2021-08-29,3584,80,17,0.8333804684671855,196856.36357251488
Massachusetts,2021-09-28,3585,74,40,0.8143357558535158,237892.76159030147
Massachusetts,2021-10-28,3801,59,11,0.8405978539275796,188034.25726184476
Massachusetts,2021-11-27,3568,97,14,0.7957833127570635,260519.17991264118
Massachusetts,2021-12-27,3710,55,13,0.9141261246547056,171644.76982571368
Massachusetts,2022-01-26,3745,60,37,0.7821496267276417,197603.56646207662
Massachusetts,2022-02-25,3567,72,44,0.9200434529319289,177149.56823564784
Massachusetts,2022-03-27,3590,92,39,0.8626647299752396,253944.78744170401
Massachusetts,2022-04-26,3751,54,26,0.9049754702687938,181077.07974223918
Massachusetts,2022-05-26,3897,90,45,0.7561288456416816,260373.907735816
Massachusetts,2022-06-25,4403,90,42,0.882855911048762,323522.7667498973
Massachusetts,2022-07-25,3943,61,45,0.9158720521072986,200206.9770498053
Massachusetts,2022-08-24,3682,91,20,0.7572612180686829,296349.4562799989
Massachusetts,2022-09-23,3294,54,25,0.8463194685789137,128762.30774664452
Massachusetts,2022-10-23,3428,77,44,0.9617198184763585,227489.24135209815
Massachusetts,2022-11-22,4282,56,13,0.869297138658826,184224.04831479254
Massachusetts,2022-12-22,4756,76,29,0.822163097709698,235652.94785933226
Massachusetts,2023-01-21,4658,69,27,0.9054497726079647,276500.95817377255
Massachusetts,2023-02-20,4283,91,21,0.8903176134181128,256332.46101406243
Massachusetts,2023-03-22,3493,79,19,0.9665416756553161,246883.7346094985
Massachusetts,2023-04-21,4521,86,36,0.8229193713542431,273968.63008455397
Massachusetts,2023-05-21,4887,90,22,0.8161915563645291,339567.69079432363
Massachusetts,2023-06-20,4115,95,30,0.9382268158300293,346509.1409763921
Massachusetts,2023-07-20,4703,67,23,0.9697221550662256,196531.27629484195
Massachusetts,2023-08-19,5009,84,35,0.7992169658577117,356963.2940883679
Massachusetts,2023-09-18,3548,79,22,0.7815727796042122,219946.00419903206
Massachusetts,2023-10-18,4301,65,38,0.8019044786447826,187266.88585264536
Massachusetts,2023-11-17,3132,69,35,0.77312532809879,179635.41338505087
Oregon,2021-01-01,7500,59,15,0.8435887138557832,389625.51108863915
Oregon,2021-01-31,7594,57,17,0.92385954366401,297015.69374101463
Oregon,2021-03-02,7510,42,10,0.9000287079963882,211226.06857148797
Oregon,2021-04-01,7719,70,7,0.9600428369040661,352575.8250406886
Oregon,2021-05-01,7879,46,7,0.9793495147103572,260625.69946019436
Oregon,2021-05-31,7684,73,23,0.9516509286211223,338118.6754049638
Oregon,2021-06-30,7786,44,26,0.8154491800405106,307205.2958582626
Oregon,2021-07-30,7807,57,13,0.9457437398729392,329480.03225610906
Oregon,2021-08-29,7431,44,15,0.9181574237760181,259768.19024571855
Oregon,2021-09-28,8132,41,26,0.9318765628178087,256838.7218789431
Oregon,2021-10-28,8260,46,45,0.9563198352103143,322242.916203596
Oregon,2021-11-27,7937,43,11,0.7924996762408882,219171.4702941316
Oregon,2021-12-27,7632,49,21,0.8382221098554871,274500.23688567476
Oregon,2022-01-26,7533,52,42,0.9162629815322294,236373.46801668082
Oregon,2022-02-25,8347,64,8,0.9035908064036944,395110.11819633184
Oregon,2022-03-27,7296,64,24,0.9087667868063273,369639.1263101702
Oregon,2022-04-26,9157,53,19,0.8003995782151291,310639.7204833606
Oregon,2022-05-26,7253,66,43,0.8359337136569953,388024.0866193044
Oregon,2022-06-25,9289,66,18,0.9252277125933546,492974.38266379945
Oregon,2022-07-25,8485,68,38,0.8527520348241912,468005.69366773055
Oregon,2022-08-24,6984,60,8,0.9406180324104378,364927.87640006683
Oregon,2022-09-23,7349,59,15,0.8254670566807075,327839.2227551559
Oregon,2022-10-23,7058,47,42,0.8624304323711736,288491.09072595113
Oregon,2022-11-22,8174,42,13,0.8680470039363776,253031.5713299078
Oregon,2022-12-22,6807,56,24,0.9163544183597505,273994.9441933506
Oregon,2023-01-21,9624,66,42,0.7667967909605552,461848.13989596785
Oregon,2023-02-20,9256,59,8,0.9649540437435377,338969.88953841955
Oregon,2023-03-22,10269,41,31,0.791395705169913,269723.24406875443
Oregon,2023-04-21,9144,65,31,0.8361260117468016,515547.91247930506
Oregon,2023-05-21,8363,72,29,0.8363984727744571,484610.5573491857
Oregon,2023-06-20,9353,59,27,0.7772856284756134,495460.09737077
Oregon,2023-07-20,8165,45,19,0.9420089706838045,303806.7664513629
Oregon,2023-08-19,10996,56,39,0.8475494468386824,439530.4039139932
Oregon,2023-09-18,7399,56,14,0.8133994373928792,365129.50760224444
Oregon,2023-10-18,9922,44,31,0.8914323376580499,384560.2562377539
Oregon,2023-11-17,10854,48,9,0.7732062440112766,317843.0913173323
Washington,2021-01-01,7500,112,8,0.8062888547802303,515147.65597411146
Washington,2021-01-31,7528,102,8,0.7822311822764281,689569.2663777367
Washington,2021-03-02,7495,124,41,0.8233478501649142,724335.8184359407
Washington,2021-04-01,7690,89,24,0.9515394140999757,613031.969614765
Washington,2021-05-01,7662,94,22,0.7640202565345553,637082.0538712157
Washington,2021-05-31,7972,124,45,0.9061125283558378,757958.9841430642
Washington,2021-06-30,7317,90,29,0.9307350570755191,458086.8606529533
Washington,2021-07-30,7674,78,29,0.7922921651118674,455739.8391218821
Washington,2021-08-29,7489,83,14,0.935328516785024,543529.5666026121
Washington,2021-09-28,7921,128,40,0.8718981172207096,726476.8237671896
Washington,2021-10-28,7507,89,10,0.9621120040375811,570670.5897602307
Washington,2021-11-27,7240,113,17,0.7618534246962232,583442.5991026114
Washington,2021-12-27,8138,72,9,0.7932775576045337,485453.20563182485
Washington,2022-01-26,8424,103,35,0.7980444903670175,756705.2962594981
Washington,2022-02-25,7611,124,18,0.965546745536517,838650.6488006419
Washington,2022-03-27,7201,129,35,0.9603214982583852,751213.6289860929
Washington,2022-04-26,8589,93,20,0.8769782372859973,665104.9956519757
Washington,2022-05-26,7833,102,27,0.8209371253859935,565582.7465549044
Washington,2022-06-25,9208,97,35,0.9251746629412336,621713.0053123579
Washington,2022-07-25,7366,88,7,0.8793806873168015,431954.2922164091
Washington,2022-08-24,7187,85,42,0.8832028729886021,443065.9071733463
Washington,2022-09-23,7192,89,29,0.8810515879219281,431239.45041649835
Washington,2022-10-23,8492,126,26,0.809185154256023,905724.2408205912
Washington,2022-11-22,9971,108,36,0.8559906696430872,882850.4920021974
Washington,2022-12-22,7867,78,39,0.8623127538884504,536965.5914701786
Washington,2023-01-21,8595,108,8,0.8705072155429383,790618.1159593358
Washington,2023-02-20,6814,119,8,0.9257979340215644,586838.0495463726
Washington,2023-03-22,9899,83,14,0.7521025361888523,617625.8292838371
Washington,2023-04-21,8017,107,44,0.9599328345890116,684355.3904884206
Washington,2023-05-21,6480,101,31,0.7527257226694153,496635.9784514771
Washington,2023-06-20,7611,128,6,0.8655096874164504,788482.7684769817
Washington,2023-07-20,8339,126,16,0.7746137785997333,660787.9058644855
Washington,2023-08-19,7014,81,38,0.8080561851523765,401291.41211889597
Washington,2023-09-18,10197,74,30,0.8555694814767726,507802.59791528294
Washington,2023-10-18,9780,87,10,0.9003592154986052,729583.3060934301
Washington,2023-11-17,10175,75,29,0.836749000751386,566850.4176114448
Connecticut,2021-01-01,3000,28,10,0.8649674304159422,61334.52322968589
Connecticut,2021-01-31,3032,25,11,0.9558019787928209,66381.52137911042
Connecticut,2021-03-02,2997,31,41,0.8593650661584129,57041.97990471095
Connecticut,2021-04-01,2968,31,39,0.8796072687310362,56112.968096508186
Connecticut,2021-05-01,3162,22,18,0.8850183039394324,57437.3489821282
Connecticut,2021-05-31,3138,23,9,0.8188336846035984,55515.33572989368
Connecticut,2021-06-30,3114,30,39,0.8262978631130206,77228.70524746252
Connecticut,2021-07-30,2953,32,10,0.8651823558766768,84318.49714481758
Connecticut,2021-08-29,2905,24,9,0.8283363316892743,57916.522245791595
Connecticut,2021-09-28,3380,23,25,0.7568139015573879,53018.53296168081
Connecticut,2021-10-28,3445,24,27,0.8771986767386113,58920.091208573846
Connecticut,2021-11-27,2957,26,29,0.7697096470564492,60397.32806248821
Connecticut,2021-12-27,3394,28,10,0.8116335671057613,67852.84780281209
Connecticut,2022-01-26,3416,19,29,0.8228359925967533,41017.074228939506
Connecticut,2022-02-25,2794,22,28,0.9251096929762235,38765.9881688139
Connecticut,2022-03-27,2853,23,40,0.8775902001400395,47404.035217434124
Connecticut,2022-04-26,2785,22,10,0.887292647716031,51180.76819049085
Connecticut,2022-05-26,3625,17,31,0.8391938986570305,38540.882319216056
Connecticut,2022-06-25,3703,31,20,0.8815508990723941,74715.87975749257
Connecticut,2022-07-25,3149,19,24,0.8117335633443185,38518.027876231085
Connecticut,2022-08-24,2900,21,24,0.8613732022048035,37945.35327268952
Connecticut,2022-09-23,3002,21,45,0.8640345604462584,49488.01019625608
Connecticut,2022-10-23,3274,19,5,0.96822939635075,43523.37122870252
Connecticut,2022-11-22,3510,29,26,0.8512512719406883,74223.7275390638
Connecticut,2022-12-22,3825,27,43,0.7813086284630009,71900.00817640865
Connecticut,2023-01-21,4045,20,25,0.7908565724034023,58205.274668343074
Connecticut,2023-02-20,3107,28,45,0.8629316819651836,67227.35819527353
Connecticut,2023-03-22,2987,23,30,0.8339535736009046,60430.78363499365
Connecticut,2023-04-21,2915,32,16,0.9067939056199201,71361.97480941728
Connecticut,2023-05-21,4223,24,18,0.8508446394910489,69669.3001775177
Connecticut,2023-06-20,3797,29,31,0.9047848600509742,70665.42922123864
Connecticut,2023-07-20,3098,21,14,0.914504369998868,54435.526818471255
Connecticut,2023-08-19,2662,32,35,0.8839161244197575,64766.26581120034
Connecticut,2023-09-18,4333,30,31,0.8750383967791199,108829.74360216997
Connecticut,2023-10-18,3223,30,39,0.8865785869716218,84538.03702192807
Connecticut,2023-11-17,2704,21,27,0.7882578534544257,44507.49060148748
Vermont,2021-01-01,4000,6,30,0.9723665607207792,16787.49625498921
Vermont,2021-01-31,4043,4,11,0.8095098251928408,12180.796848531309
Vermont,2021-03-02,4043,6,41,0.8008372993210634,17277.417742744386
Vermont,2021-04-01,4051,6,37,0.7846713344703801,21858.64873317857
Vermont,2021-05-01,4074,5,10,0.7766959477305642,17970.472002431386
Vermont,2021-05-31,3956,5,34,0.9303820994316003,14960.295400035999
Vermont,2021-06-30,4047,4,33,0.8233491790700711,11171.002493564774
Vermont,2021-07-30,4313,4,26,0.8990330809738741,13855.802331310058
Vermont,2021-08-29,3945,7,20,0.8686785974362808,21141.30079605538
Vermont,2021-09-28,4058,5,34,0.8033267759046244,14639.5237446379
Vermont,2021-10-28,3947,6,32,0.8409839469694661,19448.049410277486
Vermont,2021-11-27,4557,5,32,0.8394322294818126,18488.220302892765
Vermont,2021-12-27,3957,6,9,0.8827900181964261,19939.73548716128
Vermont,2022-01-26,4298,5,17,0.8552365971074226,14585.39234048137
Vermont,2022-02-25,4686,6,45,0.822082945311839,20147.69443794686
Vermont,2022-03-27,4171,4,27,0.9444690946139986,13100.423682614675
Vermont,2022-04-26,4721,6,24,0.9612969933549421,22010.73273190562
Vermont,2022-05-26,4574,5,20,0.8202374005831647,14977.868440272308
Vermont,2022-06-25,4638,6,31,0.8871779380121043,21495.51078502956
Vermont,2022-07-25,4263,5,39,0.9094895731017517,16915.115677988742
Vermont,2022-08-24,5199,6,36,0.8164319980313495,20467.305931004154
Vermont,2022-09-23,4994,6,27,0.9689236486122323,22334.646498681144
Vermont,2022-10-23,3903,5,40,0.8662507445380542,14606.80097433386
Vermont,2022-11-22,4799,5,33,0.8624008877461277,14992.104499723882
Vermont,2022-12-22,3579,6,23,0.7575198699773563,14332.886258698865
Vermont,2023-01-21,4077,7,41,0.920779197943851,23680.973453561397
Vermont,2023-02-20,4623,4,12,0.8116144491603672,14108.135855779377
Vermont,2023-03-22,5600,6,7,0.9248009501052309,24608.97512366802
Vermont,2023-04-21,3929,5,20,0.8184730550736655,17676.449216395242
Vermont,2023-05-21,4463,5,10,0.8509860777781666,20043.049717670983
Vermont,2023-06-20,5261,5,42,0.9085007250357053,22577.965786616613
Vermont,2023-07-20,4893,5,44,0.7820240421631585,16195.484966582824
Vermont,2023-08-19,3889,4,27,0.8724245833951947,12119.015448486247
Vermont,2023-09-18,3784,7,23,0.816546645996937,18017.21494187214
Vermont,2023-10-18,5653,7,11,0.7811854484784421,32647.192522503243
Vermont,2023-11-17,4452,4,22,0.949420945799769,11362.687352002418
Maryland,2021-01-01,3000,31,25,0.9405508146206855,77045.113090688
Maryland,2021-01-31,3025,36,41,0.8954524559662114,85850.64485484909
Maryland,2021-03-02,3015,27,10,0.8426556778594188,67154.2988933376
Maryland,2021-04-01,3080,45,34,0.968558438139038,96768.68826909148
Maryland,2021-05-01,2940,43,10,0.9181143456220222,93239.14650883498
Maryland,2021-05-31,3124,33,9,0.9330059231290044,74155.59728499172
Maryland,2021-06-30,3258,44,36,0.8117634728123172,121634.61425735423
Maryland,2021-07-30,3036,38,41,0.9460571925463357,96504.30476828937
Maryland,2021-08-29,3309,42,7,0.7729021906407273,116069.82939632355
Maryland,2021-09-28,3113,28,15,0.8514957682415781,52316.07506829631
Maryland,2021-10-28,3424,30,13,0.9528939857296597,70934.28738286383
Maryland,2021-11-27,3412,45,10,0.9005552318163226,103657.43094852906
Maryland,2021-12-27,3087,45,15,0.7619110732611907,109420.74532368738
Maryland,2022-01-26,3371,42,32,0.900761602528213,114838.49275976187
Maryland,2022-02-25,2790,36,13,0.8865462842734448,75915.89428071112
Maryland,2022-03-27,3175,26,26,0.9379350761900587,74001.65633288269
Maryland,2022-04-26,3165,28,9,0.8026577795155799,55546.956119299495
Maryland,2022-05-26,3567,28,28,0.9526274688454622,64034.37763254191
Maryland,2022-06-25,3565,42,13,0.8975625141589063,120254.32040304554
Maryland,2022-07-25,2792,38,44,0.8995046490262956,77665.43644411775
Maryland,2022-08-24,3566,39,14,0.9615756486705934,109148.44661292918
Maryland,2022-09-23,3242,30,11,0.782203022562433,61949.48143785139
Maryland,2022-10-23,3633,33,32,0.8223358436818989,76962.63045184506
Maryland,2022-11-22,3037,27,40,0.8882297842055694,66940.20276205396
Maryland,2022-12-22,3050,46,6,0.9450151840211906,111892.28202688371
Maryland,2023-01-21,3077,37,37,0.7933887003511491,81689.53842269667
Maryland,2023-02-20,3618,43,20,0.8638241755869513,98606.39476977747
Maryland,2023-03-22,3404,39,38,0.9544066414599888,80134.19048909823
Maryland,2023-04-21,3186,32,29,0.9479872209054518,78555.45521885427
Maryland,2023-05-21,3200,41,35,0.9695241863064039,109041.6470574808
Maryland,2023-06-20,2580,27,21,0.7996208758589638,61076.061980125894
Maryland,2023-07-20,4299,34,23,0.8945712600939325,109670.49692769215
Maryland,2023-08-19,3317,41,10,0.8973235763118409,103534.05472212854
Maryland,2023-09-18,2807,27,10,0.8676000806079263,50093.44046087094
Maryland,2023-10-18,4138,37,30,0.8848805474928594,126919.85814606029
Maryland,2023-11-17,3839,40,24,0.910695452769263,125763.72253151625
Pennsylvania,2021-01-01,3000,38,10,0.962664383500302,72366.74108881739
Pennsylvania,2021-01-31,3021,38,16,0.7774718915888141,93258.47216878303
Pennsylvania,2021-03-02,3054,41,27,0.8702912334275339,104540.68407980958
Pennsylvania,2021-04-01,3084,41,13,0.922448568341572,108999.53501143379
Pennsylvania,2021-05-01,3115,40,6,0.8270525360527248,90808.15240209278
Pennsylvania,2021-05-31,3082,44,41,0.8943325515667059,101549.27385844692
Pennsylvania,2021-06-30,3093,38,41,0.7883827203107491,76067.18139562193
Pennsylvania,2021-07-30,3219,64,12,0.8025330173252477,155057.42024692555
Pennsylvania,2021-08-29,2901,63,20,0.7605757518746394,129614.23091969597
Pennsylvania,2021-09-28,3361,41,7,0.8771589013540488,120463.47084230435
Pennsylvania,2021-10-28,3294,49,25,0.8071005321721659,141190.93625410972
Pennsylvania,2021-11-27,3046,62,41,0.835745878349708,141754.6308252787
Pennsylvania,2021-12-27,3469,41,38,0.9757251887065438,126046.72801310674
Pennsylvania,2022-01-26,2858,50,23,0.9279113202863536,99059.61357341253
Pennsylvania,2022-02-25,2862,50,28,0.7961543652941798,110064.22338358234
Pennsylvania,2022-03-27,3048,55,34,0.8347029343701073,149460.6697191305
Pennsylvania,2022-04-26,3717,60,39,0.9249109106739902,150212.45865703965
Pennsylvania,2022-05-26,2751,49,19,0.8745553959882069,106596.69720735341
Pennsylvania,2022-06-25,3478,36,26,0.7503362693231829,99814.7101418509
Pennsylvania,2022-07-25,3682,59,11,0.7971947057683567,194413.82926132914
Pennsylvania,2022-08-24,3203,66,14,0.9136800691810236,132738.49358868695
Pennsylvania,2022-09-23,3845,64,38,0.8450030648052304,213763.145852885
Pennsylvania,2022-10-23,3275,59,42,0.7719827112275987,123674.46411442234
Pennsylvania,2022-11-22,3786,38,41,0.7643250586095903,114912.1449166957
Pennsylvania,2022-12-22,2828,45,25,0.9629896489097765,91358.14706990348
Pennsylvania,2023-01-21,3872,46,33,0.8125498505214646,110858.01856969537
Pennsylvania,2023-02-20,2926,60,42,0.7750637517552408,110900.78238240854
Pennsylvania,2023-03-22,3323,46,12,0.8732626462907054,135950.44031211763
Pennsylvania,2023-04-21,2928,46,21,0.9460709027020642,84466.38257084393
Pennsylvania,2023-05-21,3970,45,43,0.7592758558649926,151991.3870292011
Pennsylvania,2023-06-20,3140,39,20,0.9727320009605649,88033.22906992944
Pennsylvania,2023-07-20,2626,45,16,0.7571488814725147,85238.10881977879
Pennsylvania,2023-08-19,3388,59,20,0.7717868137081708,126046.33912161409
Pennsylvania,2023-09-18,4076,40,8,0.9409856363357663,145883.3287197989
Pennsylvania,2023-10-18,2756,62,28,0.9078456102681789,150584.78939333846
Pennsylvania,2023-11-17,2651,54,9,0.755014042029881,88661.22895447779
Illinois,2021-01-01,4000,61,13,0.7711550868911142,208420.56181660944
Illinois,2021-01-31,4044,49,34,0.7616466712105089,173830.27386147066
Illinois,2021-03-02,4029,72,36,0.7567809273900671,233510.36057839863
Illinois,2021-04-01,3981,53,16,0.8132458068755757,154827.38693592898
Illinois,2021-05-01,3967,68,44,0.8065304992264064,185735.51650504547
Illinois,2021-05-31,4064,65,8,0.7701759567435718,188849.19459435105
Illinois,2021-06-30,4081,69,38,0.8073039836814516,252930.61270411473
Illinois,2021-07-30,4164,45,29,0.9298406263744478,132615.12814240888
Illinois,2021-08-29,4188,63,41,0.8655504487750606,189048.02070223875
Illinois,2021-09-28,3949,57,19,0.756739795923426,189799.95041831624
Illinois,2021-10-28,4024,75,35,0.8717694271520493,250509.8899314877
Illinois,2021-11-27,4659,82,11,0.8070071224203618,256861.6594666051
Illinois,2021-12-27,4272,75,8,0.9257314364550275,283342.77420647326
Illinois,2022-01-26,4338,82,29,0.8316050659499867,302987.03481037467
Illinois,2022-02-25,4666,51,42,0.8231410047071304,195472.7755479844
Illinois,2022-03-27,4130,67,27,0.9679385090661035,212812.66528733325
Illinois,2022-04-26,4400,52,36,0.8746886583498285,149330.21653222706
Illinois,2022-05-26,3711,46,43,0.8003260565890628,129383.9760168707
Illinois,2022-06-25,3640,80,17,0.9354824450613006,204488.71010714525
Illinois,2022-07-25,3889,75,25,0.7636978714543579,187930.1709413325
Illinois,2022-08-24,4727,50,12,0.9446906041432009,202835.7685286739
Illinois,2022-09-23,5193,59,30,0.8847838325294658,214767.5810710853
Illinois,2022-10-23,4127,82,32,0.9321237807499705,300578.8512102559
Illinois,2022-11-22,4734,51,40,0.9095188916072849,212136.84425585615
Illinois,2022-12-22,5031,53,42,0.9373244743818855,190253.842124608
Illinois,2023-01-21,4967,56,16,0.9176311198652798,246063.3926296079
Illinois,2023-02-20,5453,59,41,0.7574480308732301,251177.60964389957
Illinois,2023-03-22,5449,81,19,0.8971187577402335,278606.708830545
Illinois,2023-04-21,4551,57,9,0.8047390627843612,232095.04774473395
Illinois,2023-05-21,3809,78,10,0.9389822152485112,237980.89203813826
Illinois,2023-06-20,5150,57,5,0.8109988613294615,198105.81611200832
Illinois,2023-07-20,3548,54,11,0.9156951252393026,117722.60031661046
Illinois,2023-08-19,4481,60,15,0.9534469594450623,201087.0074296136
Illinois,2023-09-18,4339,65,11,0.9406256048402378,235955.83919763015
Illinois,2023-10-18,4892,73,19,0.7874109977021523,222166.4407087799
Illinois,2023-11-17,5668,56,25,0.8100593732959203,200416.9704581733
Michigan,2021-01-01,2000,49,15,0.9183565696124029,74883.1600031996
Michigan,2021-01-31,2025,30,43,0.976613503032463,52729.04699648081
Michigan,2021-03-02,2036,38,15,0.8896830539006237,56498.76461352737
Michigan,2021-04-01,1976,35,17,0.8441343691226485,52992.72474569712
Michigan,2021-05-01,2108,40,23,0.8184021489667602,53018.2891477911
Michigan,2021-05-31,2028,41,36,0.7853256849388489,58889.460942661586
Michigan,2021-06-30,2042,35,45,0.8880495714431668,47163.22740311545
Michigan,2021-07-30,1937,32,23,0.9747232700798311,45996.540972117
Michigan,2021-08-29,1956,46,35,0.8624922667877511,71828.92198974796
Michigan,2021-09-28,1942,41,16,0.8353347207133719,56884.62860623709
Michigan,2021-10-28,1974,29,33,0.8569633299155696,38233.03967311847
Michigan,2021-11-27,2008,29,11,0.769712681723181,40945.09800640481
Michigan,2021-12-27,2139,51,42,0.8023279344836506,67449.19676210743
Michigan,2022-01-26,2071,40,39,0.908025624449444,72974.45439785969
Michigan,2022-02-25,2180,33,24,0.7681596614480392,62647.737559301626
Michigan,2022-03-27,2278,40,38,0.9341035774457577,73193.09363210636
Michigan,2022-04-26,2236,30,33,0.7897621637454937,60057.421435773555
Michigan,2022-05-26,2491,47,13,0.7598154571456925,72998.74543995749
Michigan,2022-06-25,2311,32,45,0.7840119976687794,57572.68924684348
Michigan,2022-07-25,2053,45,9,0.7700163114015967,70850.91209512495
Michigan,2022-08-24,2241,48,38,0.8553761516582015,92727.90538284021
Michigan,2022-09-23,2450,42,38,0.9297877020128562,65213.45667186257
Michigan,2022-10-23,1911,41,42,0.9244267992072648,69097.35479211752
Michigan,2022-11-22,2620,41,11,0.9307214949712258,92407.25797900054
Michigan,2022-12-22,2604,49,21,0.8380999987617221,95145.20314696999
Michigan,2023-01-21,2358,28,22,0.8426840104392627,51860.092234633536
Michigan,2023-02-20,2448,37,30,0.9546020692002792,63353.222221112184
Michigan,2023-03-22,1986,45,22,0.9563172132943671,54164.463976074214
Michigan,2023-04-21,2635,35,22,0.9438547107806237,79080.21086511492
Michigan,2023-05-21,2504,51,19,0.7809086698227413,113945.91521986235
Michigan,2023-06-20,2231,47,22,0.9176238650519977,81945.08906755807
Michigan,2023-07-20,1800,38,31,0.9204173037516018,56624.80241804279
Michigan,2023-08-19,2790,47,37,0.9320427901786839,81259.30588888579
Michigan,2023-09-18,2606,37,38,0.9522464960127669,58690.57182539128
Michigan,2023-10-18,1922,47,8,0.8073827601045842,66570.25016890441
Michigan,2023-11-17,2935,44,22,0.8347209433421973,95468.75172403162
Arizona,2021-01-01,1500,53,6,0.8056457617556106,59357.563726737644
Arizona,2021-01-31,1505,54,35,0.8849824571371582,57289.49616199832
Arizona,2021-03-02,1494,53,10,0.8155659565799952,56691.912882183795
Arizona,2021-04-01,1492,44,18,0.9471355731108095,52138.558540307335
Arizona,2021-05-01,1551,37,31,0.8680546837643686,49317.75533978482
Arizona,2021-05-31,1607,47,35,0.9596485507520455,59985.99783458562
Arizona,2021-06-30,1563,30,21,0.889919093066228,41399.25088567213
Arizona,2021-07-30,1597,48,22,0.8474755641517124,54651.33068078575
Arizona,2021-08-29,1523,36,34,0.8194933709931009,41460.460406862156
Arizona,2021-09-28,1600,45,5,0.8676481550177094,57506.87777456705
Arizona,2021-10-28,1677,39,43,0.8900815240667439,45098.16630142333
Arizona,2021-11-27,1453,31,22,0.8973367914913708,38667.04984504296
Arizona,2021-12-27,1504,48,24,0.7933228186852018,54518.53755904986
Arizona,2022-01-26,1496,31,43,0.8429426380390076,32271.932458257816
Arizona,2022-02-25,1453,30,36,0.9794178929030081,29546.517368254677
Arizona,2022-03-27,1575,40,7,0.8840954515550722,56600.8454986781
Arizona,2022-04-26,1771,38,19,0.9078531655145143,53265.968391475086
Arizona,2022-05-26,1615,54,27,0.8666824167895675,74444.70368717134
Arizona,2022-06-25,1818,52,16,0.8175703321579747,70073.32217622249
Arizona,2022-07-25,1779,48,40,0.9254711902134396,55924.97194260585
Arizona,2022-08-24,1757,38,10,0.8011183076479672,44532.81367988866
Arizona,2022-09-23,1891,40,26,0.8354869588459181,58671.770215635064
Arizona,2022-10-23,1641,33,8,0.9492704750292841,41972.49491487599
Arizona,2022-11-22,1979,31,17,0.865109796133322,52775.43592589452
Arizona,2022-12-22,1594,37,8,0.950295303661191,38054.583446608915
Arizona,2023-01-21,2056,38,41,0.9553543783614249,70002.27991909938
Arizona,2023-02-20,1416,52,16,0.9291564708097774,54949.6658502374
Arizona,2023-03-22,1808,34,45,0.7633431252917953,45219.78481996873
Arizona,2023-04-21,1465,50,41,0.9258312593135243,54708.45656659461
Arizona,2023-05-21,1946,32,44,0.8497536252863864,45385.26068136719
Arizona,2023-06-20,1661,42,5,0.7586768232492357,46030.66109825277
Arizona,2023-07-20,1614,30,25,0.9240749797347381,36765.79676920411
Arizona,2023-08-19,1277,30,20,0.8020411135964892,33065.19015954145
Arizona,2023-09-18,1561,32,37,0.8853942582786565,32474.097718327976
Arizona,2023-10-18,2085,37,23,0.854863051752756,58328.29486881261
Arizona,2023-11-17,1787,41,13,0.8288285530292387,63772.705538034264
Georgia,2021-01-01,0,26,30,0.7543986886183635,0.0
Georgia,2021-01-31,0,26,6,0.8856293520038255,0.0
Georgia,2021-03-02,0,34,7,0.8362942595154431,0.0
Georgia,2021-04-01,0,34,43,0.9787764537411249,0.0
Georgia,2021-05-01,0,22,12,0.8458583799912951,0.0
Georgia,2021-05-31,0,31,14,0.7972638306013805,0.0
Georgia,2021-06-30,0,30,11,0.9023710821544463,0.0
Georgia,2021-07-30,0,25,11,0.8676645008870678,0.0
Georgia,2021-08-29,0,37,36,0.7956887321924448,0.0
Georgia,2021-09-28,0,32,17,0.8323220224066857,0.0
Georgia,2021-10-28,0,32,18,0.9082869005547359,0.0
Georgia,2021-11-27,0,22,10,0.9585824101820521,0.0
Georgia,2021-12-27,0,25,10,0.9292910311944204,0.0
Georgia,2022-01-26,0,39,19,0.8550527839913454,0.0
Georgia,2022-02-25,0,23,16,0.9510523033072966,0.0
Georgia,2022-03-27,0,35,32,0.9198642450322005,0.0
Georgia,2022-04-26,0,23,13,0.902571656322894,0.0
Georgia,2022-05-26,0,30,44,0.8117111616734368,0.0
Georgia,2022-06-25,0,28,12,0.8421788282845731,0.0
Georgia,2022-07-25,0,29,35,0.9339767922982585,0.0
Georgia,2022-08-24,0,24,8,0.9757609092203334,0.0
Georgia,2022-09-23,0,39,35,0.934520900330372,0.0
Georgia,2022-10-23,0,29,27,0.8906124364333431,0.0
Georgia,2022-11-22,0,36,13,0.8611083209640648,0.0
Georgia,2022-12-22,0,30,9,0.8101709594625527,0.0
Georgia,2023-01-21,0,35,41,0.9164679149534762,0.0
Georgia,2023-02-20,0,39,38,0.870313730301675,0.0
Georgia,2023-03-22,0,35,20,0.8608438257837473,0.0
Georgia,2023-04-21,0,25,40,0.9551742327749138,0.0
Georgia,2023-05-21,0,40,37,0.9452344821984802,0.0
Georgia,2023-06-20,0,23,36,0.8237457775727296,0.0
Georgia,2023-07-20,0,32,40,0.8979629824093479,0.0
Georgia,2023-08-19,0,31,41,0.853062674703036,0.0
Georgia,2023-09-18,0,24,36,0.9214049618711754,0.0
Georgia,2023-10-18,0,23,40,0.7500390345600174,0.0
Georgia,2023-11-17,0,34,24,0.9547255067297643,0.0
Florida,2021-01-01,0,84,26,0.8335687698410565,0.0
Florida,2021-01-31,0,84,40,0.926505771968844,0.0
Florida,2021-03-02,0,79,33,0.7762253724218198,0.0
Florida,2021-04-01,0,78,45,0.9718197471944982,0.0
Florida,2021-05-01,0,97,7,0.9562817372959534,0.0
Florida,2021-05-31,0,99,31,0.7746011462694894,0.0
Florida,2021-06-30,0,109,30,0.7995855860048575,0.0
Florida,2021-07-30,0,78,31,0.7606950832391091,0.0
Florida,2021-08-29,0,67,33,0.8551992116976159,0.0
Florida,2021-09-28,0,111,5,0.8719837999293893,0.0
Florida,2021-10-28,0,104,35,0.9626053009697539,0.0
Florida,2021-11-27,0,97,16,0.9180137722008389,0.0
Florida,2021-12-27,0,92,25,0.8659453274512278,0.0
Florida,2022-01-26,0,108,20,0.8129270523899056,0.0
Florida,2022-02-25,0,84,13,0.7817814012984294,0.0
Florida,2022-03-27,0,87,40,0.9479627356097063,0.0
Florida,2022-04-26,0,93,17,0.7982339201387655,0.0
Florida,2022-05-26,0,108,13,0.9757071641340195,0.0
Florida,2022-06-25,0,87,45,0.8241477214051867,0.0
Florida,2022-07-25,0,85,41,0.9668149397033912,0.0
Florida,2022-08-24,0,107,39,0.8157634354518336,0.0
Florida,2022-09-23,0,88,6,0.8376001721130695,0.0
Florida,2022-10-23,0,74,15,0.976212450533521,0.0
Florida,2022-11-22,0,64,23,0.7969202077636615,0.0
Florida,2022-12-22,0,84,44,0.9496481359405143,0.0
Florida,2023-01-21,0,99,40,0.8394439322847647,0.0
Florida,2023-02-20,0,97,8,0.9630915065688193,0.0
Florida,2023-03-22,0,111,25,0.9721416391207922,0.0
Florida,2023-04-21,0,71,33,0.9408962008496833,0.0
Florida,2023-05-21,0,94,42,0.8757214814412855,0.0
Florida,2023-06-20,0,111,23,0.8532274321526881,0.0
Florida,2023-07-20,0,111,37,0.7774513765927821,0.0
Florida,2023-08-19,0,74,15,0.8843167932673042,0.0
Florida,2023-09-18,0,97,14,0.7591863355439289,0.0
Florida,2023-10-18,0,101,45,0.8915899955028459,0.0
Florida,2023-11-17,0,90,27,0.7667625829601826,0.0
Nevada,2021-01-01,2500,30,38,0.7656805878940179,56365.65788526711
Nevada,2021-01-31,2508,24,10,0.8303626786982682,52067.22495176686
Nevada,2021-03-02,2541,21,23,0.8002424157304384,44065.33807509558
Nevada,2021-04-01,2542,31,5,0.776386048822521,55461.01995942474
Nevada,2021-05-01,2498,26,44,0.8060802476893832,39745.784259220236
Nevada,2021-05-31,2658,22,12,0.83875146500033,44562.87513348877
Nevada,2021-06-30,2509,29,28,0.8682910842794764,54761.433144741124
Nevada,2021-07-30,2582,21,17,0.8236719341441674,33872.68046522574
Nevada,2021-08-29,2438,30,39,0.8726373390979024,57640.16555305259
Nevada,2021-09-28,2482,25,18,0.9489386968139052,45126.65894788433
Nevada,2021-10-28,2426,24,32,0.8987090666432194,51349.22061493802
Nevada,2021-11-27,2773,19,34,0.9148797052822599,32211.034879509087
Nevada,2021-12-27,2393,19,21,0.8783593672230965,35122.7431899739
Nevada,2022-01-26,2485,20,29,0.8537589026611296,35850.31998870077
Nevada,2022-02-25,2546,22,12,0.8730119051140305,44385.411262778885
Nevada,2022-03-27,2776,27,42,0.760468876370809,64044.63805979652
Nevada,2022-04-26,2586,24,23,0.9309851364623911,42849.30913674363
Nevada,2022-05-26,2361,27,33,0.8377251221304838,53970.55041915876
Nevada,2022-06-25,2302,19,19,0.7813677358757958,31373.169848019952
Nevada,2022-07-25,3020,24,45,0.7831373736154511,58214.973005462074
Nevada,2022-08-24,3164,28,28,0.9702000792948676,53451.545762009504
Nevada,2022-09-23,3156,18,7,0.7511568629870212,44253.23125393463
Nevada,2022-10-23,2815,30,24,0.7983121648587899,69454.14128781369
Nevada,2022-11-22,3047,19,37,0.7827646769361161,37931.36721006426
Nevada,2022-12-22,2940,20,12,0.7917123364979395,49386.00334560157
Nevada,2023-01-21,3252,29,40,0.8560909968486066,72136.13100288686
Nevada,2023-02-20,2552,17,11,0.7954060462630207,33586.96854824483
Nevada,2023-03-22,3447,21,20,0.7730103631733473,56885.666568261215
Nevada,2023-04-21,3410,21,33,0.8255195979905036,57132.36821564158
Nevada,2023-05-21,3143,18,41,0.8338334902060847,39313.2696496036
Nevada,2023-06-20,2767,16,20,0.9307018257748403,36022.34392816084
Nevada,2023-07-20,3105,20,28,0.7808903414480645,50915.28318484886
Nevada,2023-08-19,3504,23,27,0.9281964011509606,60128.99929600135
Nevada,2023-09-18,2267,26,10,0.9436123889277999,50549.49008245969
Nevada,2023-10-18,2313,24,21,0.9187152619202229,43742.66026446055
Nevada,2023-11-17,3335,29,37,0.8952740937260886,81607.41290991948
